{
  "cluster": [
    "manage_index_templates",
    "monitor",
    "manage_ilm"
  ],
  "indices": [
    {
      "names": [
        "logs-generic-default",
        "logstash-*",
        "ecs-logstash-*"
      ],
      "privileges": [
        "write",
        "create",
        "create_index",
        "manage",
        "manage_ilm"
      ]
    },
    {
      "names": [
        "logstash",
        "ecs-logstash"
      ],
      "privileges": [
        "write",
        "manage"
      ]
    },
    { 
      "names": ["elf-stack-*"],
      "privileges": ["create", "write", "index", "create_index", "manage", "manage_ilm"] 
    },
    { 
      "names": ["elf-stack"],
      "privileges": ["create", "write", "index", "create_index", "manage", "manage_ilm"] 
    }
  ]
}
